<?xml version="1.0" encoding="utf-8"?>
<extension version="3.0" type="plugin" group="finder" method="upgrade">
    <name>Gridbox - Smart Search</name>
    <author>Balbooa</author>
    <creationDate>01 May 2017</creationDate>
    <copyright>Balbooa 2019</copyright>
    <license>http://www.gnu.org/licenses/gpl-2.0.html GNU/GPL</license>
    <authorEmail>support@balbooa.com</authorEmail>
    <authorUrl>http://balbooa.com</authorUrl>
    <version>2.10.0</version>
    <description>Smart Search plugin for Gridbox.</description>
    <files>
        <filename plugin="gridbox">gridbox.php</filename>
    </files>
</extension>
