<?xml version="1.0" encoding="utf-8"?>
<extension version="3.0" type="plugin" group="system" method="upgrade">
    <name>Gridbox - System</name>
    <author>Balbooa</author>
    <creationDate>06 April 2015</creationDate>
    <copyright>Balbooa 2019</copyright>
    <license>http://www.gnu.org/licenses/gpl-2.0.html GNU/GPL</license>
    <authorEmail>support@balbooa.com</authorEmail>
    <authorUrl>http://balbooa.com</authorUrl>
    <version>2.10.4</version>
    <description>System plugin for Gridbox.</description>
    <files>
        <filename plugin="gridbox">gridbox.php</filename>
        <filename>index.html</filename>
    </files>
</extension>